name,Contact_name,Contact_email,Contact_phone,,,,,,
Blogpad,Patrick Johnston,pjohnston0@sphinn.com,86-(662)307-7870,,,,,,
Divavu,Rose Hall,rhall1@phoca.cz,380-(890)295-0819,,,,,,
Thoughtstorm,Sarah Ramirez,sramirez2@oakley.com,7-(471)911-0418,,,,,,
Riffpath,Anne Schmidt,aschmidt3@mysql.com,63-(448)393-7530,,,,,,
Roodel,Catherine Green,cgreen4@xinhuanet.com,62-(204)385-6577,,,,,,
Realcube,Marie Hall,mhall5@chron.com,380-(354)939-2442,,,,,,
Feedfire,Amy Miller,amiller6@disqus.com,970-(913)944-1135,,,,,,
Quatz,Andrea Holmes,aholmes7@nyu.edu,63-(967)205-2777,,,,,,
Flashdog,Roger Jordan,rjordan8@over-blog.com,33-(344)230-1410,,,,,,
Ooba,Chris Gilbert,cgilbert9@examiner.com,373-(887)493-4210,,,,,,
Ailane,Teresa Morales,tmoralesa@tumblr.com,86-(159)986-2400,,,,,,
Rhynoodle,Peter Ruiz,pruizb@sohu.com,359-(599)543-3908,,,,,,
Photobug,Jonathan Hunt,jhuntc@sciencedaily.com,351-(172)817-0916,,,,,,
Youtags,Carlos Webb,cwebbd@dailymail.co.uk,33-(515)875-7090,,,,,,
Wordpedia,Harold Sanchez,hsancheze@storify.com,95-(225)583-3807,,,,,,
Flipbug,Raymond Welch,rwelchf@plala.or.jp,373-(212)584-7648,,,,,,
Aimbo,Matthew Wilson,mwilsong@alexa.com,46-(818)723-0416,,,,,,
Zava,Linda Tucker,ltuckerh@blogtalkradio.com,84-(380)604-1051,,,,,,
Layo,Jane Gilbert,jgilberti@qq.com,63-(398)131-4930,,,,,,
Bubbletube,Johnny Jones,jjonesj@alibaba.com,86-(551)384-6011,,,,,,
Twitternation,Deborah Rogers,drogersk@studiopress.com,63-(874)441-5526,,,,,,
Youtags,Barbara Johnson,bjohnsonl@gravatar.com,353-(394)698-9041,,,,,,
Fivebridge,Sarah Green,sgreenm@chicagotribune.com,373-(562)378-1773,,,,,,
Jetwire,Shawn Smith,ssmithn@ask.com,46-(279)884-5603,,,,,,
Buzzster,Kathy Bowman,kbowmano@toplist.cz,692-(289)275-6668,,,,,,
Fivespan,Dennis Campbell,dcampbellp@linkedin.com,351-(567)803-7481,,,,,,
Yotz,Deborah Burns,dburnsq@is.gd,86-(260)956-7405,,,,,,
Minyx,Mark Collins,mcollinsr@guardian.co.uk,62-(520)507-5923,,,,,,
Blogtag,Angela Thomas,athomass@newsvine.com,86-(904)907-6761,,,,,,
Eazzy,Kathryn Howell,khowellt@hud.gov,20-(317)382-9318,,,,,,
